City_ID,City,Country,Lat,Lng,Max Temp,Humidity,Cloudiness,Wind Speed,Current Description
0,Coquimbo,CL,-29.9533,-71.3436,53.33,76,40,3.44,scattered clouds
1,Torbay,CA,47.6666,-52.7314,56.26,86,20,5.75,few clouds
2,Bintulu,MY,3.1667,113.0333,82.81,83,20,3.44,few clouds
3,Busselton,AU,-33.65,115.3333,63.25,91,100,23.17,light rain
4,Punta Arenas,CL,-53.15,-70.9167,33.91,93,100,6.91,fog
5,Bethel,US,41.3712,-73.414,73.04,86,100,2.93,overcast clouds
6,Parthenay,FR,46.6667,-0.4167,62.49,61,9,8.28,clear sky
7,Mataura,NZ,-46.1927,168.8643,43.48,94,100,8.46,overcast clouds
8,Naqadeh,IR,36.9553,45.388,69.8,55,0,4.76,clear sky
9,Trojes,AL,41.756,19.962,65.57,87,74,9.06,broken clouds
10,Kunda,IN,25.7167,81.5167,96.3,42,88,15.41,overcast clouds
11,Hobart,AU,-42.8794,147.3294,53.46,80,75,14.97,broken clouds
12,Kyakhta,RU,50.3508,106.4494,64.85,64,96,7.85,overcast clouds
13,Clyde River,CA,70.4692,-68.5914,37.63,87,0,5.75,clear sky
14,Rikitea,PF,-23.1203,-134.9692,74.28,81,100,21.45,light rain
15,Nikolskoye,RU,59.7035,30.7861,60.8,79,100,4.45,overcast clouds
16,Hilo,US,19.7297,-155.09,84.27,78,75,12.66,broken clouds
17,Walvis Bay,NA,-22.9575,14.5053,58.15,94,0,3.44,clear sky
18,Henties Bay,NA,-22.116,14.2845,56.75,88,0,5.28,clear sky
19,Havoysund,NO,70.9963,24.6622,50.23,89,98,6.89,light rain
20,Gari,RU,59.4307,62.3497,73.71,65,2,3.96,clear sky
21,Ushuaia,AR,-54.8,-68.3,31.66,80,75,13.8,broken clouds
22,Tiksi,RU,71.6872,128.8694,47.59,56,100,10.76,overcast clouds
23,Chuy,UY,-33.6971,-53.4616,52.5,84,83,12.46,light rain
24,Kruisfontein,ZA,-34.0033,24.7314,61.27,27,0,14.7,clear sky
25,Poum,NC,-20.2333,164.0167,77.97,82,8,16.24,clear sky
26,Ixtapa,MX,20.7,-105.2,77.23,92,100,3.24,overcast clouds
27,Cape Town,ZA,-33.9258,18.4232,56.91,66,0,6.91,clear sky
28,Yellowknife,CA,62.456,-114.3525,73.92,40,75,13.8,smoke
29,Atuona,PF,-9.8,-139.0333,78.12,78,35,16.4,scattered clouds
30,Petropavlovsk-Kamchatskiy,RU,53.0452,158.6483,90.19,33,0,4.47,clear sky
31,Hermanus,ZA,-34.4187,19.2345,58.23,54,4,6.08,clear sky
32,Laguna,US,38.421,-121.4238,88.92,43,0,12.66,clear sky
33,Faanui,PF,-16.4833,-151.75,78.58,69,0,8.95,clear sky
34,Svetlogorsk,BY,52.6333,29.7333,59.07,78,100,4.83,overcast clouds
35,Flinders,AU,-34.5833,150.8552,62.19,54,6,7.0,clear sky
36,Kabare,CD,-2.4683,28.8242,56.88,75,22,0.45,few clouds
37,Tasiilaq,GL,65.6145,-37.6368,39.45,92,100,6.31,overcast clouds
38,Puerto Cabezas,NI,14.0351,-83.3888,78.55,88,96,9.93,overcast clouds
39,Port-Cartier,CA,50.0334,-66.8654,56.88,69,28,8.1,scattered clouds
40,Bluff,NZ,-46.6,168.3333,43.81,61,100,26.8,overcast clouds
41,Albany,US,42.6001,-73.9662,70.18,79,99,5.14,overcast clouds
42,Kimbe,PG,-5.5502,150.1429,89.1,56,93,6.67,overcast clouds
43,Barrow,US,71.2906,-156.7887,44.62,81,20,12.66,few clouds
44,New Norfolk,AU,-42.7826,147.0587,53.1,82,100,1.01,overcast clouds
45,Sakakah,SA,29.9697,40.2064,78.37,15,8,6.17,clear sky
46,Hobyo,SO,5.3505,48.5268,74.52,78,49,22.03,scattered clouds
47,Novobureyskiy,RU,49.798,129.8774,78.21,80,93,16.58,overcast clouds
48,Srednekolymsk,RU,67.45,153.6833,44.1,92,100,15.28,moderate rain
49,Ondjiva,AO,-17.0667,15.7333,52.97,48,0,6.82,clear sky
50,Marawi,PH,7.9986,124.2928,76.98,79,100,3.11,overcast clouds
51,Puerto Ayora,EC,-0.7393,-90.3518,71.55,88,32,5.99,scattered clouds
52,Talaya,RU,61.3833,152.75,79.66,42,68,10.22,broken clouds
53,Norman Wells,CA,65.282,-126.8329,84.24,30,75,16.11,smoke
54,Hithadhoo,MV,-0.6,73.0833,81.36,77,100,5.3,overcast clouds
55,Oktyabrskoye,RU,43.0645,44.7417,64.54,93,12,2.24,few clouds
56,Ribeira Grande,PT,38.5167,-28.7,67.01,77,89,15.37,overcast clouds
57,Markapur,IN,15.7333,79.2833,77.47,81,100,11.97,overcast clouds
58,Lagoa,PT,39.05,-27.9833,65.46,79,100,13.6,overcast clouds
59,Saint Anthony,US,45.0205,-93.218,76.89,75,20,6.91,few clouds
60,Touros,BR,-5.1989,-35.4608,72.86,91,9,14.0,clear sky
61,Waingapu,ID,-9.6567,120.2641,81.03,69,100,13.2,overcast clouds
62,Port Alfred,ZA,-33.5906,26.891,62.64,30,0,9.37,clear sky
63,Upernavik,GL,72.7868,-56.1549,36.28,97,100,16.8,overcast clouds
64,Thompson,CA,55.7435,-97.8558,77.16,38,40,5.75,scattered clouds
65,Katsuura,JP,35.1333,140.3,78.49,73,100,10.69,overcast clouds
66,Luderitz,NA,-26.6481,15.1594,56.12,80,0,6.04,clear sky
67,Antalaha,MG,-14.9003,50.2788,69.08,81,100,14.79,light rain
68,Opuwo,NA,-18.0607,13.84,55.69,48,0,1.72,clear sky
69,Kargopol,RU,61.5071,38.9456,57.09,67,17,3.2,few clouds
70,Linxia,CN,35.6003,103.2064,77.07,50,70,3.62,broken clouds
71,Mehamn,NO,71.0357,27.8492,49.95,93,100,0.0,light rain
72,Butaritari,KI,3.0707,172.7902,81.57,78,100,12.95,light rain
73,Vardo,NO,70.3705,31.1107,48.18,93,100,6.91,overcast clouds
74,Matara,LK,5.9485,80.5353,82.04,79,95,14.47,overcast clouds
75,Kapaa,US,22.0752,-159.319,80.92,77,40,18.41,scattered clouds
76,Vaini,TO,-21.2,-175.2,78.96,69,40,10.36,scattered clouds
77,Los Llanos De Aridane,ES,28.6585,-17.9182,69.12,61,0,17.27,clear sky
78,Airai,TL,-8.9266,125.4092,65.48,78,78,2.91,broken clouds
79,Cidreira,BR,-30.1811,-50.2056,61.23,86,10,19.24,clear sky
80,Ambovombe,MG,-25.1667,46.0833,63.28,80,0,12.86,clear sky
81,Lakatoro,VU,-16.0999,167.4164,81.5,77,34,13.67,scattered clouds
82,Hailar,CN,49.2,119.7,56.93,83,100,14.29,overcast clouds
83,Provideniya,RU,64.3833,-173.3,53.67,76,27,7.87,scattered clouds
84,Mar Del Plata,AR,-38.0023,-57.5575,52.09,78,0,25.01,clear sky
85,Abeche,TD,13.8292,20.8324,75.47,64,100,0.72,overcast clouds
86,Kangaatsiaq,GL,68.3065,-53.4641,37.6,99,60,12.33,broken clouds
87,Tabas,IR,33.5959,56.9244,90.1,10,0,2.06,clear sky
88,Casablanca,MA,33.5928,-7.6192,71.82,80,0,2.98,clear sky
89,Berbera,SO,10.4396,45.0143,86.49,47,7,36.08,clear sky
90,Xining,CN,36.6167,101.7667,76.8,50,33,2.51,scattered clouds
91,Sobolevo,RU,54.4299,31.8996,57.4,85,67,2.24,broken clouds
92,Bengkulu,ID,-3.8004,102.2655,81.84,71,10,3.49,clear sky
93,Lebu,CL,-37.6167,-73.65,51.6,87,100,26.44,moderate rain
94,Nogales,MX,31.3086,-110.9422,91.31,21,93,9.31,overcast clouds
95,Nome,US,64.5011,-165.4064,70.16,67,0,13.8,clear sky
96,Manyana,BW,-23.4,21.7167,49.35,41,0,8.5,clear sky
97,Georgetown,MY,5.4112,100.3354,85.95,85,20,3.44,light rain
98,Bredasdorp,ZA,-34.5322,20.0403,52.25,64,2,6.55,clear sky
99,Kununurra,AU,-15.7667,128.7333,73.38,27,3,11.5,clear sky
100,Jamestown,US,42.097,-79.2353,71.24,68,100,5.75,overcast clouds
101,Santa Barbara,US,34.7333,-120.0343,66.83,64,0,4.61,clear sky
102,Porto Real,BR,-22.4197,-44.2903,58.93,79,40,0.83,scattered clouds
103,Bandarbeyla,SO,9.4942,50.8122,77.79,62,10,30.78,clear sky
104,Nanortalik,GL,60.1432,-45.2371,44.96,87,100,7.54,overcast clouds
105,Arraial Do Cabo,BR,-22.9661,-42.0278,68.68,85,23,10.65,few clouds
106,Abu Samrah,SY,35.3029,37.1841,71.19,62,0,7.67,clear sky
107,Kodiak,US,57.79,-152.4072,54.91,88,100,14.97,mist
108,Kalaleh,IR,37.3807,55.4916,71.2,68,40,4.61,scattered clouds
109,Fortuna,US,40.5982,-124.1573,64.92,83,0,1.01,clear sky
110,Bay City,US,43.5945,-83.8889,63.99,69,0,6.91,clear sky
111,Saskylakh,RU,71.9167,114.0833,61.45,40,100,16.24,overcast clouds
112,Xichang,CN,27.8964,102.2634,78.4,65,1,2.13,clear sky
113,Quatre Cocos,MU,-20.2078,57.7625,68.11,63,35,18.39,scattered clouds
114,East London,ZA,-33.0153,27.9116,60.17,27,0,7.9,clear sky
115,Erenhot,CN,43.6475,111.9767,77.43,25,85,0.11,overcast clouds
116,Tual,ID,-5.6667,132.75,79.05,85,97,20.71,overcast clouds
117,College,US,64.8569,-147.8028,84.58,34,0,3.44,smoke
118,Cortez,US,37.3489,-108.5859,80.04,16,0,2.51,clear sky
119,Klaksvik,FO,62.2266,-6.589,50.92,84,89,17.4,overcast clouds
120,Kaitangata,NZ,-46.2817,169.8464,42.93,83,100,17.18,overcast clouds
121,Constitucion,CL,-35.3333,-72.4167,51.93,87,100,18.21,overcast clouds
122,Avarua,CK,-21.2078,-159.775,75.25,57,99,9.22,overcast clouds
123,Huesca,ES,42.1362,-0.4087,71.1,82,0,6.91,clear sky
124,Leningradskiy,RU,69.3833,178.4167,60.67,62,98,16.08,overcast clouds
125,Tonota,BW,-21.4833,27.4833,48.69,78,0,6.93,clear sky
126,Port Elizabeth,ZA,-33.918,25.5701,64.69,49,0,5.75,clear sky
127,Novaya Igirma,RU,57.1334,103.9112,64.15,71,41,6.85,light rain
128,Nelson Bay,AU,-32.7167,152.15,60.12,60,0,10.0,clear sky
129,Celestun,MX,20.8667,-90.4,81.03,79,46,12.01,scattered clouds
130,Carnarvon,AU,-24.8667,113.6333,71.46,31,0,9.46,clear sky
131,Rawson,AR,-43.3002,-65.1023,49.5,37,70,15.95,broken clouds
132,Mvuma,ZW,-19.2792,30.5283,46.11,88,0,6.62,clear sky
133,Roma,US,43.2128,-75.4557,65.88,90,80,5.97,broken clouds
134,Victoria,HK,22.2855,114.1577,92.97,74,10,7.0,clear sky
135,Sao Joao Da Barra,BR,-21.6403,-41.0511,70.21,88,2,10.56,clear sky
136,Castro,BR,-24.7911,-50.0119,54.48,94,92,4.81,overcast clouds
137,Hamilton,US,39.1834,-84.5333,74.25,91,100,5.75,overcast clouds
138,Krasnoselkup,RU,65.7,82.4667,72.93,67,100,13.24,overcast clouds
139,Pisco,PE,-13.7,-76.2167,60.85,88,3,6.91,mist
140,Oudtshoorn,ZA,-33.5907,22.2014,66.56,41,0,8.68,clear sky
141,Naze,JP,28.3667,129.4833,85.12,79,92,16.04,overcast clouds
142,Artigas,UY,-30.4,-56.4667,61.63,97,100,13.6,overcast clouds
143,Itoman,JP,26.1247,127.6694,88.18,84,75,12.66,broken clouds
144,Padang,ID,-0.9492,100.3543,84.25,68,88,2.62,overcast clouds
145,Pacific Grove,US,36.6177,-121.9166,67.8,86,75,12.66,broken clouds
146,Nouadhibou,MR,20.931,-17.0347,66.18,94,40,9.22,scattered clouds
147,Viedma,AR,-40.8135,-62.9967,48.43,28,100,18.1,overcast clouds
148,Sayyan,YE,15.1718,44.3244,58.42,61,100,11.63,overcast clouds
149,Skjervoy,NO,70.0311,20.9714,51.8,77,94,3.83,overcast clouds
150,Mananara,MG,-16.1667,49.7667,68.16,83,86,12.37,light rain
151,Belaya Gora,RU,68.5333,146.4167,48.36,78,100,13.02,light rain
152,Cristobal Obregon,MX,16.35,-93.5333,69.76,96,10,3.38,clear sky
153,Dikson,RU,73.5069,80.5464,33.91,88,100,9.84,overcast clouds
154,Qaanaaq,GL,77.484,-69.3632,39.04,85,100,3.2,overcast clouds
155,Itaqui,BR,-29.1253,-56.5531,64.02,91,49,9.13,scattered clouds
156,Nador,MA,35.174,-2.9287,73.65,88,40,3.44,scattered clouds
157,Porto Novo,BJ,6.4965,2.6036,78.62,94,98,5.26,moderate rain
158,Coachella,US,33.6803,-116.1739,102.47,20,5,5.77,clear sky
159,Chicama,PE,-7.8447,-79.1469,59.54,82,14,4.0,few clouds
160,Ahipara,NZ,-35.1667,173.1667,61.79,81,0,11.14,clear sky
161,Geraldton,AU,-28.7667,114.6,72.01,21,0,13.8,clear sky
162,Qasigiannguit,GL,68.8193,-51.1922,35.96,89,45,4.94,scattered clouds
163,Pevek,RU,69.7008,170.3133,45.68,96,100,14.18,moderate rain
164,Chokurdakh,RU,70.6333,147.9167,55.53,38,100,13.98,overcast clouds
165,Ilulissat,GL,69.2167,-51.1,40.66,73,6,3.91,clear sky
166,Upington,ZA,-28.4478,21.2561,57.58,38,0,9.22,clear sky
167,Taksimo,RU,56.3444,114.8794,73.63,43,100,6.46,overcast clouds
168,Cherskiy,RU,68.75,161.3,46.2,76,97,17.47,overcast clouds
169,Kavieng,PG,-2.5744,150.7967,85.21,67,33,17.22,scattered clouds
170,Slave Lake,CA,55.2834,-114.769,71.58,46,0,0.0,clear sky
171,Moree,AU,-29.4667,149.85,56.37,46,90,12.41,overcast clouds
172,Ayan,RU,56.45,138.1667,63.55,76,100,9.1,overcast clouds
173,Souillac,MU,-20.5167,57.5167,68.38,73,40,12.66,light rain
174,Olavarria,AR,-36.8927,-60.3225,46.02,54,78,12.71,broken clouds
175,Yulara,AU,-25.2406,130.9889,57.02,41,0,14.27,clear sky
176,Avera,US,33.194,-82.5271,77.05,96,97,2.66,overcast clouds
177,Wanning,CN,18.8003,110.3967,85.23,78,83,4.63,broken clouds
178,Sezana,SI,45.7092,13.8733,62.11,69,24,5.64,few clouds
179,Matinhos,BR,-25.8175,-48.5428,64.11,93,99,4.83,overcast clouds
180,Mersing,MY,2.4312,103.8405,85.91,79,40,4.61,scattered clouds
181,Piacabucu,BR,-10.4056,-36.4344,73.18,84,41,8.81,scattered clouds
182,Khatanga,RU,71.9667,102.5,46.31,90,100,12.82,light rain
183,Itarema,BR,-2.9248,-39.9167,77.07,78,74,11.83,broken clouds
184,Lagos,NG,6.5833,3.75,75.52,97,100,2.77,moderate rain
185,Parry Sound,CA,45.3501,-80.033,64.45,48,0,7.07,clear sky
186,Olafsvik,IS,64.8945,-23.7142,49.89,86,100,12.12,overcast clouds
187,Mali,GN,12.079,-12.2982,60.1,96,100,3.8,light rain
188,Juba,SS,4.8517,31.5825,69.37,97,90,1.9,moderate rain
189,Haapiti,PF,-17.5667,-149.8667,78.53,72,3,8.75,clear sky
190,Mezen,RU,65.8522,44.24,60.12,65,11,9.78,few clouds
191,Saint George,US,37.1041,-113.5841,100.99,9,0,18.41,clear sky
192,Saldanha,ZA,-33.0117,17.9442,50.05,52,68,6.26,broken clouds
193,Itaituba,BR,-4.2761,-55.9836,72.57,96,56,1.86,broken clouds
194,Berveni,RO,47.75,22.4667,62.69,79,72,12.41,broken clouds
195,Iqaluit,CA,63.7506,-68.5145,38.93,86,75,4.61,broken clouds
196,Xudat,AZ,41.631,48.681,74.73,46,0,3.44,clear sky
197,Haines Junction,CA,60.7522,-137.5108,67.95,40,26,12.66,scattered clouds
198,Vanavara,RU,60.34,102.2797,61.75,66,100,3.18,overcast clouds
199,Magadan,RU,59.5667,150.8,70.54,85,92,6.89,overcast clouds
200,Guaratuba,BR,-25.8828,-48.5747,64.35,93,99,4.56,overcast clouds
201,Matagami,CA,49.7502,-77.6328,42.91,93,0,0.0,clear sky
202,Longyearbyen,SJ,78.2186,15.6401,42.75,76,17,3.0,few clouds
203,Benton Harbor,US,42.1167,-86.4542,75.85,83,100,9.22,overcast clouds
204,Lasa,IT,46.6166,10.7002,52.36,70,5,5.35,clear sky
205,Manicaragua,CU,22.1494,-79.9736,75.65,89,6,0.45,clear sky
206,Skovorodino,RU,53.9833,123.9167,67.82,79,96,6.53,light rain
207,Ayr,GB,55.4627,-4.6339,55.38,82,75,10.36,broken clouds
208,La Ronge,CA,55.1001,-105.2842,66.45,82,100,8.05,overcast clouds
209,Esperance,AU,-33.8667,121.9,60.64,52,53,25.14,broken clouds
210,Meulaboh,ID,4.1363,96.1285,82.13,73,96,3.02,overcast clouds
211,Korla,CN,41.7597,86.1469,87.26,14,12,5.3,few clouds
212,Vao,NC,-22.6667,167.4833,75.43,83,1,9.06,clear sky
213,Sao Filipe,CV,14.8961,-24.4956,73.42,81,76,8.97,broken clouds
214,Aklavik,CA,68.2191,-135.0107,69.19,52,74,17.76,broken clouds
215,Bacolod,PH,10.6667,122.95,83.62,78,100,11.99,overcast clouds
216,Hami,CN,42.8,93.45,89.74,13,0,12.53,clear sky
217,Karasuk,RU,53.7377,78.0403,71.62,56,3,13.69,clear sky
218,Port Lincoln,AU,-34.7333,135.8667,57.16,65,60,8.68,broken clouds
219,Isangel,VU,-19.55,169.2667,84.31,74,20,9.22,few clouds
220,Atar,MR,20.5169,-13.0499,87.24,39,68,11.65,broken clouds
221,Lugovoy,KZ,42.9472,72.7644,74.39,33,0,3.44,clear sky
222,Sioux Lookout,CA,50.1001,-91.917,64.47,63,40,0.0,scattered clouds
223,Ermelo,ZA,-26.5333,29.9833,41.11,83,0,2.71,clear sky
224,Morgaushi,RU,55.9643,46.7743,69.96,85,42,5.08,scattered clouds
225,Maraa,BR,-1.8333,-65.3667,72.84,96,99,2.89,overcast clouds
226,Moskovskiy,RU,55.5991,37.355,62.58,87,0,2.24,clear sky
227,Bathsheba,BB,13.2167,-59.5167,81.21,91,40,19.57,scattered clouds
228,Oranjemund,NA,-28.55,16.4333,55.99,74,0,13.15,clear sky
229,Taltal,CL,-25.4,-70.4833,57.99,84,43,1.12,scattered clouds
230,Namibe,AO,-15.1961,12.1522,63.54,89,0,9.17,clear sky
231,Simoes,BR,-7.5989,-40.8178,69.62,81,42,15.73,scattered clouds
232,Vila,PT,42.0304,-8.1588,65.28,81,0,5.12,clear sky
233,Neringa,LT,55.3719,21.0647,63.95,73,2,13.85,clear sky
234,Rizhao,CN,35.4275,119.4553,88.27,59,75,3.06,broken clouds
235,Kota Kinabalu,MY,5.9749,116.0724,82.38,74,40,10.36,scattered clouds
236,Manbij,SY,36.5281,37.9549,74.89,72,0,13.22,clear sky
237,Vagur,FO,61.4732,-6.8119,49.19,92,100,17.31,overcast clouds
238,Saint-Philippe,RE,-21.3585,55.7679,65.79,73,93,15.75,overcast clouds
239,Fort Nelson,CA,58.8053,-122.7002,62.19,88,75,6.91,broken clouds
240,Puerto El Triunfo,SV,13.2833,-88.55,79.34,86,32,5.03,scattered clouds
241,Baykit,RU,61.67,96.37,70.02,44,85,4.25,overcast clouds
242,Ancud,CL,-41.8697,-73.8203,47.23,87,100,21.72,moderate rain
243,Mozarlandia,BR,-14.7447,-50.5706,74.07,43,17,6.26,few clouds
244,Pasighat,IN,28.0667,95.3333,85.73,80,63,2.53,broken clouds
245,Do Gonbadan,IR,30.3586,50.7981,80.69,36,6,0.0,clear sky
246,Qianan,CN,44.9932,124.0581,80.29,34,0,16.26,clear sky
247,Belokurikha,RU,51.9959,84.9896,72.28,54,5,3.22,clear sky
248,Corner Brook,CA,48.9667,-57.9484,57.36,97,91,4.09,overcast clouds
249,Alyangula,AU,-13.8483,136.4192,74.52,58,83,14.41,broken clouds
250,Daru,PG,-9.0763,143.2092,79.86,86,99,15.21,overcast clouds
251,Mpanda,TZ,-6.3655,31.0409,56.43,69,0,1.21,clear sky
252,Jumla,NP,29.2747,82.1838,65.39,95,97,3.22,overcast clouds
253,Gaoua,BF,10.2992,-3.2508,73.65,89,47,5.64,scattered clouds
254,Pangkalanbuun,ID,-2.6833,111.6167,86.61,60,54,4.21,broken clouds
255,Erzin,TR,36.9559,36.2,74.8,90,68,1.01,broken clouds
256,Tuatapere,NZ,-46.1333,167.6833,43.02,82,100,13.65,light rain
257,Tungor,RU,53.3808,142.9564,81.82,48,5,14.58,clear sky
258,Florianopolis,BR,-27.6146,-48.5012,62.69,84,75,2.3,broken clouds
259,Maraba,BR,-5.3686,-49.1178,77.18,88,0,0.0,clear sky
260,Horki,BY,54.2861,30.9842,56.14,86,36,1.3,scattered clouds
261,San Marco In Lamis,IT,41.7131,15.6399,62.69,72,0,12.57,clear sky
262,Saint-Joseph,RE,-21.3667,55.6167,64.78,73,72,16.67,broken clouds
263,Nishihara,JP,26.1842,127.7558,87.08,84,75,12.66,broken clouds
264,Port Hedland,AU,-20.3167,118.5667,75.25,12,0,14.97,clear sky
265,Mindelo,CV,16.8901,-24.9804,74.75,69,75,18.41,broken clouds
266,Camacha,PT,33.0833,-16.3333,63.82,88,40,13.8,scattered clouds
267,Kinkala,CG,-4.3614,14.7644,63.07,95,71,2.89,broken clouds
268,Trelew,AR,-43.249,-65.3051,49.23,33,68,14.43,broken clouds
269,Kamenka,RU,51.3223,42.7678,69.04,60,3,4.05,clear sky
270,Tabou,CI,4.423,-7.3528,75.18,84,100,9.82,overcast clouds
271,Pozo Colorado,PY,-23.4923,-58.7972,71.38,68,99,5.28,overcast clouds
272,Dunedin,NZ,-45.8742,170.5036,43.81,87,100,11.01,overcast clouds
273,Mahebourg,MU,-20.4081,57.7,68.29,73,40,12.66,scattered clouds
274,Hasaki,JP,35.7333,140.8333,90.28,71,92,7.31,overcast clouds
275,Port Hardy,CA,50.6996,-127.4199,62.78,77,75,5.75,broken clouds
276,Charagua,BO,-19.8,-63.2167,70.88,63,25,12.37,scattered clouds
277,Svetlaya,RU,46.5389,138.3297,68.95,83,88,10.2,overcast clouds
278,San Vicente,AR,-26.6167,-54.1333,61.63,80,94,3.53,overcast clouds
279,Yasnyy,RU,51.0333,59.8742,68.41,65,87,9.19,overcast clouds
280,Nalut,LY,30.3333,10.85,79.63,53,26,21.14,scattered clouds
281,Fairbanks,US,64.8378,-147.7164,87.03,30,14,4.59,few clouds
282,Vila Franca Do Campo,PT,37.7167,-25.4333,66.2,82,24,7.78,few clouds
283,Cabo San Lucas,MX,22.8909,-109.9124,89.62,60,41,10.25,scattered clouds
284,Peterhead,GB,57.5058,-1.7981,55.8,83,93,17.07,overcast clouds
285,Russell,US,32.3502,-85.1999,77.97,91,98,4.61,overcast clouds
286,Dingle,PH,10.9995,122.6711,84.51,75,100,9.84,overcast clouds
287,Brae,GB,60.3964,-1.353,51.87,85,100,19.51,overcast clouds
288,Pingliang,CN,35.5392,106.6861,89.17,35,97,6.55,overcast clouds
289,San Antero,CO,9.3741,-75.7589,79.68,87,100,7.54,overcast clouds
290,Lata,PT,40.1629,-8.3327,66.07,35,0,3.76,clear sky
291,Gisborne,NZ,-38.6533,178.0042,61.92,60,0,14.27,clear sky
292,Mayo,US,38.8876,-76.5119,80.26,82,88,6.06,overcast clouds
293,Los Algarrobos,PA,8.5,-82.4333,77.41,94,40,3.44,scattered clouds
294,Talladega,US,33.4359,-86.1058,81.48,88,40,0.0,mist
295,Tokmak,UA,47.2514,35.7058,72.14,35,13,7.23,few clouds
296,Mahajanga,MG,-15.7167,46.3167,64.42,72,20,6.91,few clouds
297,Codrington,AU,-38.2667,141.9667,54.77,69,26,6.02,scattered clouds
298,Tuktoyaktuk,CA,69.4541,-133.0374,60.8,94,75,14.97,mist
299,Dmitriyevka,RU,54.75,55.3333,65.75,78,3,2.37,clear sky
300,Port Blair,IN,11.6667,92.75,82.44,83,100,9.22,overcast clouds
301,Beloha,MG,-25.1667,45.05,58.39,78,0,8.12,clear sky
302,Lavrentiya,RU,65.5833,-171.0,52.25,79,89,10.0,overcast clouds
303,Tura,IN,25.5198,90.2201,83.64,69,4,4.18,clear sky
304,Kuala Lipis,MY,4.1842,102.0468,85.71,60,97,0.51,overcast clouds
305,Mariental,NA,-24.6333,17.9667,53.28,35,0,12.33,clear sky
306,Jatai,BR,-17.8814,-51.7144,67.26,50,5,5.39,clear sky
307,Przeworsk,PL,50.0591,22.4941,57.24,97,27,7.65,scattered clouds
308,Pringsewu,ID,-5.3582,104.9744,84.76,58,23,6.29,few clouds
309,Kalmunai,LK,7.4167,81.8167,84.04,65,100,4.18,overcast clouds
310,Plettenberg Bay,ZA,-34.0527,23.3716,72.23,27,0,18.7,clear sky
311,Abu Zabad,SD,12.35,29.25,75.99,79,100,8.48,light rain
312,Manjeshwar,IN,12.7194,74.8861,76.15,88,100,15.14,overcast clouds
313,San Patricio,US,28.017,-97.5169,85.89,73,5,13.94,clear sky
314,Bantry,IE,51.6833,-9.45,54.79,95,6,6.02,clear sky
315,Severo-Kurilsk,RU,50.6789,156.125,60.12,84,39,11.43,scattered clouds
316,Beringovskiy,RU,63.05,179.3167,56.35,71,100,13.69,overcast clouds
317,Rio Gallegos,AR,-51.6226,-69.2181,28.45,93,75,8.05,broken clouds
318,Man,CI,7.4125,-7.5538,70.88,99,100,3.51,light rain
319,Canico,PT,32.6333,-16.85,74.01,53,20,3.44,few clouds
320,Praia Da Vitoria,PT,38.7333,-27.0667,66.76,81,100,10.87,overcast clouds
321,Inirida,CO,3.8653,-67.9239,72.75,99,100,2.82,overcast clouds
322,Sidi Ali,DZ,36.0998,0.4206,71.82,65,0,6.6,clear sky
323,Qaqortoq,GL,60.7167,-46.0333,46.96,88,100,3.58,light rain
324,Podyuga,RU,61.095,40.8647,59.23,75,100,2.89,overcast clouds
325,Tazovskiy,RU,67.4667,78.7,65.32,74,92,16.44,overcast clouds
326,Sisimiut,GL,66.9395,-53.6735,48.18,71,25,10.42,scattered clouds
327,Carutapera,BR,-1.195,-46.02,74.41,92,13,5.73,few clouds
328,Kodinsk,RU,58.6881,99.1844,66.76,58,100,4.72,light rain
329,Gizo,SB,-8.103,156.8419,83.93,67,91,5.28,overcast clouds
330,Ures,MX,29.4333,-110.4,88.74,41,38,23.49,scattered clouds
331,Manicore,BR,-5.8092,-61.3003,77.61,68,69,2.91,broken clouds
332,Dogondoutchi,NE,13.6393,4.0287,82.26,63,100,18.01,overcast clouds
333,Norwich,GB,52.6278,1.2983,60.26,88,40,4.61,scattered clouds
334,Rayadrug,IN,14.7,76.8667,72.86,85,100,18.3,overcast clouds
335,Mettlach,DE,49.4935,6.5969,58.77,89,53,3.04,broken clouds
336,Goderich,CA,43.7501,-81.7165,63.91,69,68,11.23,broken clouds
337,Safranbolu,TR,41.2508,32.6942,61.61,92,18,1.72,few clouds
338,Douglas,US,41.3,-96.167,76.95,88,0,5.75,clear sky
339,Manaus,BR,-3.1019,-60.025,79.3,89,0,6.91,clear sky
340,Trinidad,BO,-14.8333,-64.9,75.56,59,43,2.68,scattered clouds
341,Ingleside,US,27.8778,-97.2117,86.02,80,0,14.97,clear sky
342,Saravan,AM,39.7196,45.6483,60.82,65,4,4.9,clear sky
343,Tondano,ID,1.3038,124.9112,82.49,83,84,4.34,broken clouds
344,Praxedis Guerrero,MX,31.3667,-106.0167,88.05,29,83,4.5,broken clouds
345,Lock Haven,US,41.137,-77.4469,74.91,70,100,4.61,overcast clouds
346,Boa Vista,BR,2.8197,-60.6733,74.19,93,61,4.85,broken clouds
347,Mamallapuram,IN,12.6264,80.1722,84.25,65,99,14.54,overcast clouds
348,Nyurba,RU,63.2842,118.3319,63.73,69,97,3.62,overcast clouds
349,Barra,BR,-11.0894,-43.1417,72.09,66,0,10.87,clear sky
350,Redmond,US,47.674,-122.1215,74.35,68,80,6.49,broken clouds
351,Tursunzoda,TJ,38.5144,68.2333,85.59,19,0,4.12,clear sky
352,Haverfordwest,GB,51.8017,-4.9691,61.56,93,1,7.02,clear sky
353,Vestmannaeyjar,IS,63.4427,-20.2734,50.41,89,100,15.32,light rain
354,Samfya,ZM,-11.3649,29.5565,54.88,79,0,7.87,clear sky
355,Dudinka,RU,69.4058,86.1778,54.63,72,98,3.22,overcast clouds
356,Vangaindrano,MG,-23.35,47.6,65.64,83,100,4.43,light rain
357,Faya,SA,18.3851,42.4509,67.28,33,100,7.76,overcast clouds
358,Burns Lake,CA,54.2331,-125.7533,59.52,57,95,5.17,overcast clouds
359,Yenagoa,NG,4.9247,6.2642,73.74,95,100,4.36,overcast clouds
360,Tuskegee,US,32.424,-85.6916,78.1,100,94,1.01,overcast clouds
361,Aksarka,RU,66.5606,67.7975,65.39,61,79,19.95,broken clouds
362,Mandera,KE,3.9366,41.867,74.05,63,100,18.48,overcast clouds
363,Maarianhamina,AX,60.0973,19.9348,62.46,82,100,11.5,overcast clouds
364,Shwebo,MM,22.5667,95.7,87.08,63,97,8.99,overcast clouds
365,Ketchikan,US,55.3422,-131.6461,57.87,91,80,4.45,light rain
366,Broome,US,42.2506,-75.833,68.79,84,100,1.01,overcast clouds
367,Pulandian,CN,39.3953,121.9669,87.71,63,2,5.93,clear sky
368,Montornes Del Valles,ES,41.5333,2.2667,77.14,60,0,4.61,clear sky
369,Les Cayes,HT,18.2,-73.75,78.64,79,100,3.89,overcast clouds
370,Kutum,SD,14.2,24.6667,76.5,52,100,10.51,overcast clouds
371,Bahia Honda,CU,22.9036,-83.1592,78.85,83,11,3.76,light rain
372,Saint-Marc,HT,19.1082,-72.6938,82.42,65,99,3.11,overcast clouds
373,Saint-Pierre,RE,-21.3393,55.4781,65.91,72,20,18.41,few clouds
374,Curuguaty,PY,-24.4694,-55.6945,71.2,56,82,7.45,broken clouds
375,Arlit,NE,18.7369,7.3853,90.09,12,99,10.36,overcast clouds
376,Pasni,PK,25.2631,63.471,81.25,88,100,10.69,overcast clouds
377,Talnakh,RU,69.4865,88.3972,54.21,68,99,1.99,overcast clouds
378,Jurm,AF,36.8648,70.8342,73.87,34,0,2.3,clear sky
379,Maceio,BR,-9.6658,-35.7353,72.84,88,75,14.97,broken clouds
380,Kurtamysh,RU,54.9103,64.4319,69.17,74,8,3.87,clear sky
381,Novobirilyussy,RU,56.9514,90.6661,70.86,53,97,4.34,overcast clouds
382,Peace River,CA,56.2501,-117.286,68.4,69,58,4.16,broken clouds
383,Panaba,MX,21.2833,-88.2667,79.59,78,13,10.04,few clouds
384,Louth,GB,53.3666,-0.0044,59.31,93,52,8.86,broken clouds
385,Ambulu,ID,-8.345,113.6058,79.56,66,2,3.96,clear sky
386,Xai-Xai,MZ,-25.0519,33.6442,64.09,86,1,2.04,clear sky
387,Zaruma,EC,-3.6833,-79.6167,60.42,88,91,2.75,overcast clouds
388,Pudozh,RU,61.8099,36.5345,57.9,74,100,4.41,overcast clouds
389,Papar,MY,5.7333,115.9333,82.4,67,78,8.01,light rain
390,Strezhevoy,RU,60.7333,77.5889,74.14,52,93,6.64,overcast clouds
391,Akyab,MM,20.15,92.9,83.35,78,93,11.16,overcast clouds
392,Antofagasta,CL,-23.65,-70.4,59.09,78,44,4.34,scattered clouds
393,Akhtubinsk,RU,48.2795,46.1722,77.72,34,53,0.63,broken clouds
394,San Cristobal,VE,7.7669,-72.225,65.08,92,97,3.4,overcast clouds
395,Tingo Maria,PE,-9.2895,-76.0088,68.54,96,65,2.21,broken clouds
396,Dinar,TR,38.065,30.1656,66.16,67,0,2.59,clear sky
397,Sovetskiy,RU,61.3614,63.5842,76.39,56,3,5.99,clear sky
398,Yatou,CN,37.15,122.3833,89.42,48,29,4.47,scattered clouds
399,Hirara,JP,24.8,125.2833,84.65,75,92,13.71,overcast clouds
400,Makakilo City,US,21.3469,-158.0858,79.12,74,100,10.36,overcast clouds
401,Narsaq,GL,60.9167,-46.05,50.22,85,100,1.79,overcast clouds
402,Manavalakurichi,IN,8.1333,77.3,80.49,76,100,19.15,overcast clouds
403,Bambous Virieux,MU,-20.3428,57.7575,67.21,65,40,18.88,scattered clouds
404,Sao Jose Da Coroa Grande,BR,-8.8978,-35.1478,73.92,86,16,10.31,few clouds
405,Lorengau,PG,-2.0226,147.2712,82.51,80,100,11.48,overcast clouds
406,Asilah,MA,35.465,-6.0348,80.56,72,0,12.41,clear sky
407,Raga,SS,8.4596,25.678,69.35,83,99,3.15,overcast clouds
408,Magaria,NE,12.9983,8.9099,82.6,58,51,15.79,broken clouds
409,Sapa,PH,5.1544,120.3241,81.19,81,99,10.16,moderate rain
410,Kayerkan,RU,69.3497,87.7602,53.53,81,96,3.85,overcast clouds
411,Celano,IT,42.0855,13.5398,55.31,93,49,3.58,scattered clouds
412,Chik,RU,54.9928,82.4311,71.35,64,0,6.71,clear sky
413,Umea,SE,63.8284,20.2597,54.91,93,20,1.14,few clouds
414,Amuntai,ID,-2.4177,115.2494,86.34,63,100,1.32,overcast clouds
415,Peru,US,40.7537,-86.0689,70.57,89,100,8.05,overcast clouds
416,Lauchhammer,DE,51.5,13.8,58.53,97,59,6.53,broken clouds
417,Wuwei,CN,37.9281,102.6414,87.26,27,19,15.75,few clouds
418,Lac Du Bonnet,CA,50.2536,-96.0612,63.88,79,100,2.08,overcast clouds
419,Darnah,LY,32.767,22.6367,77.4,72,0,9.35,clear sky
420,Tinaquillo,VE,9.9186,-68.3047,70.09,93,79,1.77,broken clouds
421,Bartica,GY,6.4,-58.6167,73.08,99,86,2.28,overcast clouds
422,Flin Flon,CA,54.7682,-101.865,64.31,72,98,8.97,overcast clouds
423,Arnes,NO,60.1211,11.4663,56.28,70,54,2.89,broken clouds
424,Ust-Nera,RU,64.5667,143.2,57.83,70,98,8.7,overcast clouds
425,Peravurani,IN,10.3,79.1833,84.54,60,99,13.82,overcast clouds
426,Bani Walid,LY,31.7566,13.9942,74.93,63,2,14.38,clear sky
427,Bakaly,RU,55.1789,53.8028,68.49,79,2,3.96,clear sky
428,Lieksa,FI,63.3167,30.0167,57.43,73,98,1.41,overcast clouds
429,Tromso,NO,69.6496,18.957,50.02,87,100,2.3,overcast clouds
430,Huntsville,US,34.7304,-86.5861,85.21,75,0,5.01,clear sky
431,Ostrovnoy,RU,68.0531,39.5131,52.84,81,48,17.0,scattered clouds
432,Coos Bay,US,43.3665,-124.2179,66.99,100,38,1.01,scattered clouds
433,Pochutla,MX,15.7432,-96.4661,80.82,90,37,3.85,scattered clouds
434,Harper,LR,4.375,-7.7169,75.15,84,100,10.22,light rain
435,Guilin,CN,25.2819,110.2864,87.26,70,21,4.12,few clouds
436,Lida,BY,53.8833,25.2997,52.16,98,33,5.95,scattered clouds
437,Villingen-Schwenningen,DE,48.0667,8.45,53.82,54,8,1.14,clear sky
438,Gat,IL,31.61,34.7642,74.39,100,0,2.28,clear sky
439,Morondava,MG,-20.2833,44.2833,63.75,68,0,11.34,clear sky
440,Kedougou,SN,12.5579,-12.1743,76.42,89,100,4.92,overcast clouds
441,Marsa Matruh,EG,31.3525,27.2453,76.06,83,0,11.27,clear sky
442,Victor Harbor,AU,-35.5667,138.6167,55.0,65,95,1.01,overcast clouds
443,Buzdyak,RU,54.5833,54.55,68.68,76,0,2.8,clear sky
444,Middelkerke,BE,51.1558,2.8418,62.46,94,85,2.3,mist
445,Rybinsk,RU,58.0446,38.8426,62.69,77,97,2.59,overcast clouds
446,Coihaique,CL,-45.5752,-72.0662,35.55,93,100,3.44,light rain
447,Gejiu,CN,23.306,103.1635,63.5,80,98,2.44,overcast clouds
448,Labuan,MY,5.2767,115.2417,82.29,76,90,15.1,light rain
449,Herford,DE,52.1333,8.6833,60.96,91,100,3.33,overcast clouds
450,Ponta Do Sol,PT,32.6667,-17.1,74.01,45,2,1.92,clear sky
451,Domoni,KM,-12.2569,44.5319,74.41,76,19,16.75,light rain
452,Chapel Hill,US,35.9132,-79.0558,77.92,94,46,4.61,scattered clouds
453,Margate,GB,51.3813,1.3862,64.31,82,37,4.0,scattered clouds
454,Borogontsy,RU,62.6683,131.1683,70.47,44,46,1.12,scattered clouds
455,Natal,BR,-5.795,-35.2094,74.05,100,75,5.75,broken clouds
456,Angoche,MZ,-16.2325,39.9086,70.21,73,3,8.66,clear sky
457,Bokovskaya,RU,49.229,41.8306,71.73,40,99,6.38,overcast clouds
458,Kahului,US,20.8947,-156.47,82.42,73,40,23.02,scattered clouds
459,Puerto Lopez,CO,4.0845,-72.956,70.63,96,100,2.04,overcast clouds
460,Mamlyutka,KZ,54.9375,68.5394,68.02,72,2,5.06,clear sky
461,Mugur-Aksy,RU,50.35,90.5,58.19,50,78,2.64,broken clouds
462,Yerbogachen,RU,61.2767,108.0108,60.51,61,97,6.08,overcast clouds
463,Piraju,BR,-23.1936,-49.3839,59.67,83,37,7.49,scattered clouds
464,Magnolia,US,33.2671,-93.2393,83.73,78,3,5.46,clear sky
465,Sao Desiderio,BR,-12.3633,-44.9733,67.42,41,1,6.24,clear sky
466,Veraval,IN,20.9,70.3667,81.91,83,100,18.9,moderate rain
467,Verkhnevilyuysk,RU,63.4453,120.3167,72.37,56,47,3.31,light rain
468,Esso,RU,55.9333,158.7,82.22,53,89,7.61,overcast clouds
469,Denpasar,ID,-8.65,115.2167,82.06,74,40,13.8,scattered clouds
470,Cap Malheureux,MU,-19.9842,57.6142,67.46,70,4,3.0,clear sky
471,Altay,CN,47.8667,88.1167,76.77,28,51,6.33,broken clouds
472,Moerai,PF,-22.4333,-151.3333,71.1,59,0,15.75,clear sky
473,Benjamin Hill,MX,30.1667,-111.1,93.38,17,30,9.42,scattered clouds
474,Novyy Urengoy,RU,66.0833,76.6333,75.88,57,57,18.68,broken clouds
475,Yar-Sale,RU,66.8333,70.8333,66.92,62,96,20.78,overcast clouds
476,Matamoros,MX,25.5333,-103.25,86.72,30,61,10.22,broken clouds
477,Aquiraz,BR,-3.9014,-38.3911,75.29,86,42,12.97,scattered clouds
478,Marzuq,YE,14.4,46.4667,72.03,54,100,11.07,light rain
479,Kotma,IN,23.2,81.9667,85.51,62,15,9.06,few clouds
480,Micheweni,TZ,-4.9667,39.8333,73.53,77,1,13.35,clear sky
481,Shingu,JP,33.7333,135.9833,78.42,92,99,5.66,light rain
482,Ulladulla,AU,-35.35,150.4667,58.42,53,49,11.27,scattered clouds
483,Tessalit,ML,20.1986,1.0114,88.05,11,7,6.71,clear sky
484,Ende,ID,-8.8432,121.6623,79.66,83,88,5.93,overcast clouds
485,Labuhan,ID,-6.8844,112.2051,81.1,64,49,5.3,scattered clouds
486,Comodoro Rivadavia,AR,-45.8667,-67.5,51.66,40,0,13.8,clear sky
487,Nago,JP,26.5881,127.9761,88.23,82,98,13.04,overcast clouds
488,Hvide Sande,DK,56.0045,8.1294,59.09,79,99,25.26,overcast clouds
489,Tiznit,MA,29.5833,-9.5,86.32,21,49,1.16,scattered clouds
490,Achacachi,BO,-16.05,-68.6833,39.88,81,57,7.11,broken clouds
491,Colac,AU,-38.3333,143.5833,53.17,59,34,5.57,scattered clouds
492,Alofi,NU,-19.0595,-169.9187,76.73,69,31,19.89,scattered clouds
493,Uusikaupunki,FI,60.8004,21.4084,54.7,75,100,6.58,overcast clouds
494,Iracoubo,GF,5.4802,-53.2011,76.93,89,46,6.15,scattered clouds
495,Aykhal,RU,66.0,111.5,55.4,46,25,4.41,scattered clouds
496,Kashi,CN,39.4547,75.9797,81.91,31,91,3.96,overcast clouds
497,Huayang,CN,34.4155,109.9939,89.4,29,31,2.57,scattered clouds
498,Puerto Del Rosario,ES,28.5004,-13.8627,76.75,69,0,11.5,clear sky
499,Pangnirtung,CA,66.1451,-65.7125,49.6,74,99,1.41,overcast clouds
500,Le Mans,FR,48.0,0.2,64.33,68,0,6.91,clear sky
501,Shelburne,CA,44.0787,-80.2041,56.91,70,60,9.08,broken clouds
502,Anzio,IT,41.4853,12.6179,69.12,59,0,6.06,clear sky
503,Anadyr,RU,64.75,177.4833,48.0,93,100,17.0,overcast clouds
504,Hambantota,LK,6.1241,81.1185,82.74,74,40,5.75,scattered clouds
505,Muros,ES,42.7762,-9.0603,68.16,77,0,7.52,clear sky
506,Torredonjimeno,ES,37.7675,-3.9578,74.34,48,0,1.99,clear sky
507,Havelock,US,34.8791,-76.9013,84.15,94,100,8.99,overcast clouds
508,Camopi,GF,3.1655,-52.3158,71.4,99,100,2.08,overcast clouds
509,Buraydah,SA,26.326,43.975,83.68,14,56,8.48,broken clouds
510,Komsomolets,KZ,53.7453,62.0708,69.06,69,55,3.31,broken clouds
511,Okhotsk,RU,59.3833,143.3,72.09,50,95,12.17,overcast clouds
512,Guayabetal,CO,4.2147,-73.8172,65.44,96,100,3.94,overcast clouds
513,Cine,TR,37.6117,28.0614,69.46,67,0,1.25,clear sky
514,Beeskow,DE,52.1667,14.25,56.34,88,100,4.0,overcast clouds
515,Ampanihy,MG,-24.7,44.75,57.52,71,0,6.55,clear sky
516,Coswig,DE,51.1333,13.5833,58.66,90,20,4.61,few clouds
517,Lebedinyy,RU,58.5167,125.5167,56.05,84,100,8.77,light rain
518,Umm Lajj,SA,25.0213,37.2685,82.13,55,100,5.68,overcast clouds
519,Nefteyugansk,RU,61.0998,72.6035,73.27,61,51,11.18,broken clouds
520,Teno,CL,-34.8667,-71.1833,49.55,76,75,6.91,mist
521,Praia,CV,14.9215,-23.5087,75.74,83,75,9.22,broken clouds
522,Vila Velha,BR,-20.3297,-40.2925,67.95,89,49,5.57,scattered clouds
523,Aksu,CN,41.1231,80.2644,84.34,26,90,12.12,overcast clouds
524,Ouallam,NE,14.3188,2.0866,84.88,51,96,15.75,overcast clouds
525,Lamu,KE,-2.2717,40.902,77.22,76,2,16.98,clear sky
526,Rasova,RO,44.25,27.9333,70.14,73,100,11.83,overcast clouds
527,Juneau,US,58.3019,-134.4197,59.22,94,100,10.36,light rain
528,Ukiah,US,39.1502,-123.2078,76.89,45,0,11.5,clear sky
529,Marsh Harbour,BS,26.5412,-77.0636,82.15,75,85,13.82,overcast clouds
530,Mandalgovi,MN,45.7625,106.2708,70.48,31,5,8.66,clear sky
531,Canon City,US,38.441,-105.2424,81.39,47,0,12.66,clear sky
532,Puerto Baquerizo Moreno,EC,-0.9,-89.6,71.17,81,64,13.04,broken clouds
533,Bose,IT,45.4612,8.0137,67.77,66,0,4.7,clear sky
534,Yazman,PK,29.1212,71.7446,93.79,52,5,11.36,clear sky
535,Ponta Delgada,PT,37.7333,-25.6667,66.51,88,40,8.05,light rain
536,Havre-Saint-Pierre,CA,50.2334,-63.5986,54.09,86,66,6.58,broken clouds
537,Vega De Alatorre,MX,20.0333,-96.6333,79.07,86,97,7.43,overcast clouds
538,Kharp,RU,66.8014,65.8081,61.63,71,91,13.29,overcast clouds
539,Suleja,NG,9.1758,7.1808,70.81,97,100,3.24,overcast clouds
540,Maniitsoq,GL,65.4167,-52.9,43.41,82,79,5.61,broken clouds
541,Cortland,US,42.6001,-76.083,69.48,77,75,0.0,broken clouds
542,Xixiang,CN,35.1628,112.865,95.02,48,33,10.2,scattered clouds
543,Weihai,CN,37.5017,122.1136,82.44,62,35,3.36,scattered clouds
544,Dolinsk,RU,47.35,142.8,75.81,64,32,5.59,scattered clouds
545,Bossier City,US,32.516,-93.7321,91.4,62,0,0.0,clear sky
546,Coahuayana,MX,18.7333,-103.6833,78.6,85,100,1.61,overcast clouds
547,Keningau,MY,5.3378,116.1602,85.51,58,70,5.35,broken clouds
548,Toyooka,JP,35.5333,134.8333,86.74,67,67,3.38,broken clouds
549,Hit,IQ,33.6416,42.8251,87.98,21,0,14.76,clear sky
550,Egvekinot,RU,66.3167,-179.1667,42.31,94,100,11.43,overcast clouds
551,Nouakchott,MR,18.0858,-15.9785,75.13,89,32,12.73,scattered clouds
552,Phanat Nikhom,TH,13.4458,101.1844,87.48,76,100,3.89,overcast clouds
553,Mount Isa,AU,-20.7333,139.5,65.97,34,0,12.66,clear sky
554,Keti Bandar,PK,24.1447,67.4497,81.82,82,100,10.65,light rain
555,Kuantan,MY,3.8077,103.326,87.35,61,96,8.03,overcast clouds
556,Boyuibe,BO,-20.4167,-63.2833,68.86,69,65,7.54,broken clouds
557,Inuvik,CA,68.3499,-133.7218,82.67,36,98,14.05,overcast clouds
558,Tigil,RU,57.8,158.6667,74.95,65,96,17.34,overcast clouds
559,Supe,PE,-10.8,-77.7333,62.22,80,6,5.37,clear sky
560,Narkanda,IN,31.2548,77.4613,62.4,79,76,1.88,broken clouds
561,Aleksandrov Gay,RU,50.147,48.5704,75.47,34,0,8.39,clear sky
562,Ishigaki,JP,24.3448,124.1572,84.36,78,93,12.39,overcast clouds
563,Velikooktyabrskiy,RU,57.4333,33.8159,59.29,73,95,3.6,overcast clouds
564,Bud,US,39.447,-86.1758,73.74,94,82,9.62,broken clouds
565,Cockburn Town,TC,21.4612,-71.1419,81.63,82,6,21.18,clear sky
566,Samarai,PG,-10.6167,150.6667,83.28,69,48,6.64,scattered clouds
567,Charters Towers,AU,-20.1,146.2667,68.22,47,0,7.45,clear sky
568,Kiama,AU,-34.6833,150.8667,63.0,54,6,11.54,clear sky
569,Husavik,IS,66.0449,-17.3389,45.86,79,95,6.58,overcast clouds
570,Lompoc,US,34.6391,-120.4579,69.94,89,100,11.5,mist
571,Mangrol,IN,21.1167,70.1167,82.18,83,100,19.17,light rain
572,Plastun,RU,44.7561,136.2939,67.86,96,100,3.24,overcast clouds
573,Duluth,US,46.7833,-92.1066,61.38,78,0,8.05,clear sky
574,Springbok,ZA,-29.6643,17.8865,54.48,32,0,10.22,clear sky
575,Ahuimanu,US,21.4447,-157.8378,82.11,80,75,14.97,shower rain
576,Katherine,AU,-14.4667,132.2667,75.52,29,74,14.97,broken clouds
577,Cedar City,US,37.6775,-113.0619,81.57,16,0,10.36,clear sky
578,Amahai,ID,-3.3333,128.9167,81.45,76,97,5.32,overcast clouds
579,Deer Lake,CA,49.1667,-57.4316,54.01,91,72,4.36,broken clouds
580,Mineral Wells,US,32.8085,-98.1128,97.21,35,0,6.91,clear sky
581,Inhambane,MZ,-23.865,35.3833,65.03,75,0,3.53,clear sky
582,Salisbury,GB,51.0693,-1.7957,60.96,88,3,6.8,clear sky
583,Port-Gentil,GA,-0.7193,8.7815,73.89,81,100,15.19,overcast clouds
584,Goure,NE,13.9835,10.2704,84.02,44,100,13.38,overcast clouds
585,Mutare,ZW,-18.9707,32.6709,47.82,92,0,1.81,clear sky
586,Iralaya,HN,15.0,-83.2333,80.46,84,72,12.12,broken clouds
587,Iglesias,IT,39.3114,8.535,70.79,89,0,2.86,clear sky
588,Atasu,KZ,48.6814,71.6433,65.62,61,21,11.61,few clouds
589,Cairns,AU,-16.9167,145.7667,79.07,60,75,12.66,broken clouds
590,Peleduy,RU,59.6289,112.7406,65.26,81,98,3.74,overcast clouds
591,Rosarito,MX,32.3333,-117.0333,74.03,74,7,8.57,clear sky
592,Greencastle,US,39.6445,-86.8647,74.35,100,100,12.66,moderate rain
593,Badou,TG,7.5833,0.6,71.1,98,99,3.24,light rain
594,Deep River,CA,46.1001,-77.4995,49.95,73,0,4.18,clear sky
595,Clarence Town,AU,-32.5833,151.7833,60.57,58,0,8.25,clear sky
596,Nuevo Progreso,MX,23.1667,-97.95,81.54,66,77,4.54,broken clouds
597,Hoquiam,US,46.9809,-123.8893,68.45,75,0,9.22,clear sky
598,La Palma,US,33.8464,-118.0467,83.82,73,0,9.22,haze
599,Gunjur,GM,13.2019,-16.7339,79.65,83,100,11.1,overcast clouds
600,Salta,AR,-24.7859,-65.4117,54.73,63,1,1.57,clear sky
601,Alice Town,BS,25.7167,-79.3,84.43,72,94,13.18,overcast clouds
602,Vigrestad,NO,58.5667,5.7,53.28,76,48,24.56,scattered clouds
603,Saint-Augustin,CA,51.226,-58.6502,53.4,89,98,5.59,overcast clouds
604,Acarau,BR,-2.8856,-40.12,78.01,75,60,13.18,broken clouds
605,Waipawa,NZ,-41.4122,175.5153,54.34,72,16,23.8,few clouds
606,Severnyy,RU,50.677,36.5532,69.84,56,0,6.71,clear sky
607,Polson,US,47.6936,-114.1632,75.22,65,70,4.29,broken clouds
608,Nhulunbuy,AU,-12.2333,136.7667,77.61,61,100,17.27,overcast clouds
609,Chapais,CA,49.7834,-74.8492,43.05,83,5,4.76,clear sky
610,Yevsino,RU,54.4172,83.3222,68.31,64,3,10.13,clear sky
611,Nioro,GM,13.35,-15.75,79.02,84,99,5.7,overcast clouds
612,Semenivka,UA,52.1783,32.5818,57.99,90,100,8.55,light rain
613,Xingyi,CN,24.1877,102.817,65.26,88,98,2.8,overcast clouds
614,Ternate,ID,0.8,127.4,79.86,80,100,6.78,overcast clouds
615,Dillon,US,34.4166,-79.3712,79.14,95,90,8.41,heavy intensity rain
616,Sergeyevka,KZ,53.88,67.4158,68.32,72,12,6.38,few clouds
617,Te Anau,NZ,-45.4167,167.7167,41.5,98,100,6.58,overcast clouds
618,Zaltan,LY,32.947,11.8665,76.96,78,0,12.46,clear sky
619,Popondetta,PG,-8.7537,148.2534,90.12,48,22,6.6,few clouds
620,Luanda,AO,-8.8368,13.2343,65.5,93,96,6.38,overcast clouds
621,Mitsamiouli,KM,-11.3847,43.2844,75.27,65,2,8.05,clear sky
622,Matadi,CD,-5.8167,13.45,65.89,97,100,1.54,overcast clouds
623,Moron,AR,-34.6534,-58.6198,53.49,70,93,9.62,overcast clouds
624,Grindavik,IS,63.8424,-22.4338,48.67,87,100,11.5,moderate rain
625,Zhigansk,RU,66.7697,123.3711,51.75,73,78,3.24,light rain
626,Hay River,CA,60.8156,-115.7999,63.95,85,22,6.06,light rain
627,Ust-Maya,RU,60.4167,134.5333,77.07,38,68,4.61,broken clouds
628,Bilma,NE,18.6853,12.9164,91.18,18,94,7.29,overcast clouds
629,Broken Hill,AU,-31.95,141.4333,53.17,50,5,14.14,clear sky
630,Halifax,CA,44.6453,-63.5724,61.68,75,92,1.99,overcast clouds
631,Kitimat,CA,54.0524,-128.6534,61.18,48,75,1.01,broken clouds
632,Khovu-Aksy,RU,51.1333,93.6,66.47,49,55,4.94,broken clouds
633,Gigmoto,PH,13.7796,124.39,84.22,78,96,3.56,overcast clouds
634,Lixourion,GR,38.2019,20.4314,72.09,74,6,6.96,clear sky
635,Sitionuevo,CO,10.7774,-74.7205,80.76,89,20,9.22,few clouds
636,Kysyl-Syr,RU,63.8986,122.7617,72.05,46,14,6.55,few clouds
637,Bongaigaon,IN,26.4782,90.5568,86.05,74,24,7.87,few clouds
638,Sitka,US,57.0531,-135.33,57.09,82,100,3.44,overcast clouds
639,Caravelas,BR,-17.7125,-39.2481,69.73,90,0,2.55,clear sky
640,San Andres,CO,12.5847,-81.7006,82.42,78,100,13.8,overcast clouds
641,Hurghada,EG,27.2574,33.8129,81.01,47,6,15.46,clear sky
642,Oda,JP,35.1833,132.5,78.58,88,98,5.14,overcast clouds
643,Sri Aman,MY,1.2376,111.4621,88.81,56,43,3.09,scattered clouds
644,Kavaratti,IN,10.5669,72.642,81.57,82,100,20.45,moderate rain
645,Thaba Nchu,ZA,-29.2093,26.839,39.83,34,0,5.14,clear sky
646,San Quintin,MX,30.4833,-115.95,66.16,84,0,12.82,clear sky
647,Morant Bay,JM,17.8815,-76.4093,78.71,84,22,11.27,few clouds
648,Jiuquan,CN,39.7432,98.5174,83.97,11,95,7.76,overcast clouds
649,Kargasok,RU,59.0556,80.8572,73.33,57,59,4.34,broken clouds
650,Dryden,CA,49.7833,-92.7503,63.41,56,37,3.76,scattered clouds
651,Margasari,ID,-7.1,109.0167,83.12,58,20,7.2,few clouds
652,Svetlyy,RU,54.675,20.1347,55.96,91,24,9.46,few clouds
653,Brigantine,US,39.4101,-74.3646,75.0,87,0,4.61,clear sky
654,Banda Aceh,ID,5.5577,95.3222,85.66,66,100,14.79,overcast clouds
655,Knysna,ZA,-34.0363,23.0471,68.65,31,0,14.97,clear sky
656,Porkhov,RU,57.765,29.5561,55.49,89,30,3.51,scattered clouds
657,Ola,RU,59.5833,151.2833,73.15,89,94,6.6,overcast clouds
658,Payo,ID,-3.7508,103.6372,84.65,58,12,2.35,few clouds
659,Mackenzie,CA,55.2999,-123.1698,62.28,55,83,7.38,broken clouds
660,Weston,US,26.1004,-80.3998,85.01,79,20,4.61,few clouds
661,Segou,ML,13.4317,-6.2157,81.16,64,68,14.47,broken clouds
662,Carroll,US,39.5501,-77.0164,77.5,83,99,1.99,light rain
663,Pedernales,DO,18.0384,-71.744,80.33,67,100,8.77,overcast clouds
664,Barra Patuca,HN,15.8,-84.2833,78.93,86,60,7.99,broken clouds
665,Tirano,IT,46.2154,10.1679,64.4,60,15,5.12,few clouds
666,Visby,SE,57.6409,18.296,62.82,82,40,6.91,scattered clouds
667,Zhezkazgan,KZ,47.8043,67.7144,64.38,77,0,15.66,clear sky
668,Komsomolskiy,UZ,40.4272,71.7189,79.52,31,10,6.91,clear sky
669,Sinop,TR,41.7711,34.8709,63.3,57,2,3.67,clear sky
670,Matane,CA,48.8286,-67.522,52.45,75,54,8.48,broken clouds
671,Gasa,PS,31.5,34.4667,67.87,84,0,2.24,clear sky
672,Zemio,CF,5.0314,25.1361,68.47,94,100,1.45,overcast clouds
673,Tevaitoa,PF,-16.7833,-151.5,77.86,75,3,9.31,light rain
674,George,ZA,-33.963,22.4617,62.65,42,0,14.88,clear sky
675,Shuyskoye,RU,59.3736,41.0305,60.89,80,100,2.42,overcast clouds
676,Lerwick,GB,60.1545,-1.1494,51.8,82,100,19.98,overcast clouds
677,Araouane,ML,18.9048,-3.5265,94.53,12,4,11.41,clear sky
678,Kushima,JP,31.4583,131.2333,87.01,70,19,4.81,few clouds
679,Shirvan,AZ,39.9509,48.8994,78.62,33,0,6.2,clear sky
680,Lakota,CI,5.8528,-5.6883,70.57,98,99,4.18,overcast clouds
681,Tanggu,CN,39.0211,117.6469,93.16,37,46,9.48,scattered clouds
682,Graaff-Reinet,ZA,-32.2522,24.5308,48.92,55,0,10.45,clear sky
683,Beitbridge,ZW,-22.2167,30.0,58.3,68,0,6.67,clear sky
684,Severo-Yeniseyskiy,RU,60.3725,93.0408,65.5,51,98,5.46,overcast clouds
685,Dengzhou,CN,37.8086,120.7508,85.91,59,57,9.31,broken clouds
686,Bousse,BF,12.6606,-1.8922,80.82,66,96,11.18,overcast clouds
687,Ada,US,43.4166,-116.1262,88.88,30,0,5.01,clear sky
688,Nova Olimpia,BR,-14.7972,-57.2881,73.83,48,43,2.42,scattered clouds
689,Myitkyina,MM,25.3833,97.4,83.1,83,68,2.21,broken clouds
690,Liuzhou,CN,24.3126,109.3892,87.12,70,19,6.87,few clouds
691,Mora,CM,11.0461,14.1401,76.82,66,100,2.66,light rain
